{"Version":"0.0.0","Data":{"GameState":"{\"Version\":\"0.0.0\",\"SaveTime\":\"2023-09-30T18:54:37.1496374-05:00\",\"GameType\":\"Normal\",\"GameId\":\"6d847fac-5818-439c-85dd-dfb8fcc303df\",\"GameDays\":22,\"GameHours\":16,\"GameMinutes\":45,\"GameSeconds\":18,\"GameMilliseconds\":152,\"CrashSite\":\"tree\",\"NamedIntDatas\":[{\"SaveObjectNameId\":\"BunkerFoodAndDining.EntranceDoor\",\"SaveValue\":3},{\"SaveObjectNameId\":\"BunkerFoodAndDining.DiningDoor\",\"SaveValue\":3},{\"SaveObjectNameId\":\"BunkerFoodAndDining.EntranceHatch\",\"SaveValue\":3},{\"SaveObjectNameId\":\"BunkerFoodAndDining.PufftonBossSpawn\",\"SaveValue\":1},{\"SaveObjectNameId\":\"BunkerFoodAndDining.Cutscene.PuffysVsBadGuys\",\"SaveValue\":1},{\"SaveObjectNameId\":\"EntertainmentBunker.ComputerRoomDoor\",\"SaveValue\":3},{\"SaveObjectNameId\":\"EntertainmentBunker.ExitDoor\",\"SaveValue\":3},{\"SaveObjectNameId\":\"BunkerA.EntranceHatch\",\"SaveValue\":3},{\"SaveObjectNameId\":\"BunkerB.EntranceHatch\",\"SaveValue\":3},{\"SaveObjectNameId\":\"CaveB.Sluggy\",\"SaveValue\":3},{\"SaveObjectNameId\":\"EntertainmentBunker.EntranceDoor\",\"SaveValue\":3},{\"SaveObjectNameId\":\"CaveC.Sluggy\",\"SaveValue\":3},{\"SaveObjectNameId\":\"HangingTactical\",\"SaveValue\":1},{\"SaveObjectNameId\":\"None\"},{\"SaveObjectNameId\":\"HangingTacticalGpsPickedUp\"},{\"SaveObjectNameId\":\"BuriedTacticalGpsPickedUp\"},{\"SaveObjectNameId\":\"RaftTacticalGpsPickeUp\"},{\"SaveObjectNameId\":\"LuxuryBunker.HellDoorCaveEntrance\"},{\"SaveObjectNameId\":\"BunkerC.EntranceHatch\"},{\"SaveObjectNameId\":\"HangingTacticalCutDown\",\"SaveValue\":1}]}"}}