{"Version":"0.0.0","Data":{"PlayerState":"{\"_entries\":[{\"Name\":\"crafted.00000379\",\"SettingType\":1,\"IntValue\":1},{\"Name\":\"crafted.00000412\",\"SettingType\":1,\"IntValue\":1},{\"Name\":\"crafted.00000413\",\"SettingType\":1,\"IntValue\":1},{\"Name\":\"crafted.00000589\",\"SettingType\":1,\"IntValue\":1},{\"Name\":\"isNewCraftingRecipe_StartingEmergencyPackRecipe\"},{\"Name\":\"ShowMissingTacticalsTutorial\"},{\"Name\":\"ShowMissingPufftonsTutorial\"},{\"Name\":\"seenFirstTimeEquip_00000412\",\"BoolValue\":true},{\"Name\":\"InventoryLightsActive\"},{\"Name\":\"seenFirstTimeEquip_00000589\",\"BoolValue\":true},{\"Name\":\"SCREWBookLastUsed\",\"BoolValue\":true},{\"Name\":\"GotTutorialTarp\",\"BoolValue\":true},{\"Name\":\"isNewCraftingRecipeTutorial_CraftedSpearRecipe\"},{\"Name\":\"Strength\",\"SettingType\":2,\"FloatValue\":49.20026},{\"Name\":\"StrengthLevel\",\"SettingType\":1,\"IntValue\":19},{\"Name\":\"CurrentStrength\",\"SettingType\":2,\"FloatValue\":7604.98828},{\"Name\":\"RequiredCurrentStrengthPerLevel\",\"SettingType\":2,\"FloatValue\":15457.2109},{\"Name\":\"MaxHealth\",\"SettingType\":2,\"FloatValue\":136.0},{\"Name\":\"CurrentHealth\",\"SettingType\":2,\"FloatValue\":136.0},{\"Name\":\"TargetHealth\",\"SettingType\":2,\"FloatValue\":136.0},{\"Name\":\"Hydration\",\"SettingType\":2,\"FloatValue\":67.9222641},{\"Name\":\"Fullness\",\"SettingType\":2,\"FloatValue\":68.50931},{\"Name\":\"Rest\",\"SettingType\":2,\"FloatValue\":78.6156158},{\"Name\":\"Stamina\",\"SettingType\":2,\"FloatValue\":74.76939},{\"Name\":\"HydrationBuff\",\"SettingType\":2,\"FloatValue\":-3.327165},{\"Name\":\"FullnessBuff\",\"SettingType\":2,\"FloatValue\":-6.24845266},{\"Name\":\"RestBuff\",\"SettingType\":2,\"FloatValue\":0.7861562},{\"Name\":\"CookingBuffTimeRemaining\",\"SettingType\":2},{\"Name\":\"CookingBuffRecipe\",\"SettingType\":1,\"IntValue\":-1},{\"Name\":\"player.position\",\"SettingType\":4,\"FloatArrayValue\":[914.4827,365.382721,384.530518]},{\"Name\":\"player.rotation\",\"SettingType\":4,\"FloatArrayValue\":[0.0,0.8111508,0.0,0.5848372]},{\"Name\":\"player.areaMask\",\"SettingType\":1},{\"Name\":\"isNewItemInInventory_00000527\"},{\"Name\":\"isNewItemInInventory_00000635\"},{\"Name\":\"isNewItemInInventory_00000387\"},{\"Name\":\"isNewItemInInventory_00000364\"},{\"Name\":\"isNewItemInInventory_00000358\"},{\"Name\":\"isNewItemInInventory_00000529\"},{\"Name\":\"isNewItemInInventory_00000522\"},{\"Name\":\"isNewItemInInventory_00000425\"},{\"Name\":\"isNewItemInInventory_00000414\"},{\"Name\":\"isNewItemInInventory_00000466\"},{\"Name\":\"isNewItemInInventory_00000438\"},{\"Name\":\"isNewItemInInventory_00000436\"},{\"Name\":\"isNewItemInInventory_00000433\"},{\"Name\":\"isNewItemInInventory_00000415\"},{\"Name\":\"isNewItemInInventory_00000432\"},{\"Name\":\"isNewItemInInventory_00000560\"},{\"Name\":\"isNewItemInInventory_00000479\"},{\"Name\":\"isNewItemInInventory_00000508\"},{\"Name\":\"isNewItemInInventory_00000426\"},{\"Name\":\"isNewItemInInventory_00000434\"},{\"Name\":\"isNewItemInInventory_00000439\"},{\"Name\":\"isNewItemInInventory_00000416\"},{\"Name\":\"isNewItemInInventory_00000440\"},{\"Name\":\"isNewItemInInventory_00000388\"},{\"Name\":\"isNewItemInInventory_00000412\"},{\"Name\":\"isNewItemInInventory_00000341\"},{\"Name\":\"isNewItemInInventory_00000474\"},{\"Name\":\"isNewItemInInventory_00000422\"},{\"Name\":\"isNewItemInInventory_00000477\"},{\"Name\":\"isNewItemInInventory_00000356\"},{\"Name\":\"isNewItemInInventory_00000503\"},{\"Name\":\"isNewItemInInventory_00000396\"},{\"Name\":\"isNewItemInInventory_00000468\"},{\"Name\":\"isNewItemInInventory_00000420\"},{\"Name\":\"isNewItemInInventory_00000401\"},{\"Name\":\"isNewItemInInventory_00000361\"},{\"Name\":\"isNewItemInInventory_00000365\"},{\"Name\":\"isNewItemInInventory_00000517\"},{\"Name\":\"isNewItemInInventory_00000428\"},{\"Name\":\"isNewItemInInventory_00000360\"},{\"Name\":\"isNewItemInInventory_00000443\"},{\"Name\":\"isNewItemInInventory_00000437\"},{\"Name\":\"isNewItemInInventory_00000462\"},{\"Name\":\"isNewItemInInventory_00000441\"},{\"Name\":\"isNewItemInInventory_00000484\"},{\"Name\":\"isNewItemInInventory_00000467\"},{\"Name\":\"isNewItemInInventory_00000394\"},{\"Name\":\"seenFirstTimeEquip_00000394\",\"BoolValue\":true},{\"Name\":\"isNewItemInInventory_00000417\"},{\"Name\":\"isNewItemInInventory_00000369\"},{\"Name\":\"isNewItemInInventory_00000362\"},{\"Name\":\"isNewItemInInventory_00000363\"},{\"Name\":\"isNewItemInInventory_00000346\"},{\"Name\":\"isNewItemInInventory_00000375\"},{\"Name\":\"isNewItemInInventory_00000378\"},{\"Name\":\"crafted.00000358\",\"SettingType\":1,\"IntValue\":2},{\"Name\":\"isNewCraftingRecipe_ShotgunRailRecipe\"},{\"Name\":\"isNewCraftingRecipe_ShotgunFlashlightModRecipe\"},{\"Name\":\"isNewItemInInventory_00000353\"},{\"Name\":\"isNewItemInInventory_00000374\"},{\"Name\":\"isNewItemInInventory_00000355\"},{\"Name\":\"isNewItemInInventory_00000376\"},{\"Name\":\"isNewItemInInventory_00000386\"},{\"Name\":\"isNewItemInInventory_00000381\"},{\"Name\":\"crafted.00000355\",\"SettingType\":1,\"IntValue\":3},{\"Name\":\"isNewCraftingRecipe_CompactPistolRailModRecipe\"},{\"Name\":\"isNewCraftingRecipe_CompactPistolLaserSightModRecipe\"},{\"Name\":\"isNewCraftingRecipe_CompactPistolSilencerModRecipe\"},{\"Name\":\"isNewItemInInventory_00000657\"},{\"Name\":\"isNewItemInInventory_00000459\"},{\"Name\":\"isNewItemInInventory_00000402\"},{\"Name\":\"isNewItemInInventory_00000403\"},{\"Name\":\"isNewItemInInventory_00000523\"},{\"Name\":\"isNewItemInInventory_00000634\"},{\"Name\":\"isNewItemInInventory_00000504\"},{\"Name\":\"isNewItemInInventory_00000480\"},{\"Name\":\"isNewItemInInventory_00000405\"},{\"Name\":\"isNewItemInInventory_00000367\"},{\"Name\":\"isNewItemInInventory_00000525\"},{\"Name\":\"isNewItemInInventory_00000485\"},{\"Name\":\"isNewItemInInventory_00000482\"},{\"Name\":\"isNewItemInInventory_00000481\"},{\"Name\":\"isNewItemInInventory_00000518\"},{\"Name\":\"isNewItemInInventory_00000392\"},{\"Name\":\"isNewItemInInventory_00000473\"},{\"Name\":\"isNewItemInInventory_00000499\"},{\"Name\":\"isNewItemInInventory_00000487\"},{\"Name\":\"isNewItemInInventory_00000492\"},{\"Name\":\"isNewItemInInventory_00000495\"},{\"Name\":\"isNewItemInInventory_00000493\"},{\"Name\":\"isNewItemInInventory_00000490\"},{\"Name\":\"isNewItemInInventory_00000494\"},{\"Name\":\"isNewItemInInventory_00000572\"},{\"Name\":\"isNewItemInInventory_00000500\"},{\"Name\":\"isNewItemInInventory_00000554\"},{\"Name\":\"isNewItemInInventory_00000472\"},{\"Name\":\"isNewItemInInventory_00000448\"},{\"Name\":\"isNewItemInInventory_00000446\"},{\"Name\":\"isNewItemInInventory_00000603\"},{\"Name\":\"isNewItemInInventory_00000597\"},{\"Name\":\"isNewItemInInventory_00000454\"},{\"Name\":\"isNewItemInInventory_00000418\"},{\"Name\":\"isNewItemInInventory_00000419\"},{\"Name\":\"isNewItemInInventory_00000461\"},{\"Name\":\"isNewItemInInventory_00000456\"},{\"Name\":\"isNewItemInInventory_00000589\"},{\"Name\":\"isNewItemInInventory_00000340\"},{\"Name\":\"isNewItemInInventory_00000590\"},{\"Name\":\"isNewItemInInventory_00000390\"},{\"Name\":\"isNewItemInInventory_00000595\"},{\"Name\":\"isNewItemInInventory_00000599\"},{\"Name\":\"isNewItemInInventory_00000606\"},{\"Name\":\"isNewItemInInventory_00000605\"},{\"Name\":\"isNewItemInInventory_00000465\"},{\"Name\":\"isNewItemInInventory_00000601\"},{\"Name\":\"isNewItemInInventory_00000450\"},{\"Name\":\"isNewItemInInventory_00000451\"},{\"Name\":\"isNewItemInInventory_00000398\"},{\"Name\":\"isNewItemInInventory_00000596\"},{\"Name\":\"isNewItemInInventory_00000397\"},{\"Name\":\"isNewItemInInventory_00000524\"},{\"Name\":\"isNewItemInInventory_00000476\"},{\"Name\":\"isNewItemInInventory_00000393\"},{\"Name\":\"isNewItemInInventory_00000519\"},{\"Name\":\"isNewItemInInventory_00000593\"},{\"Name\":\"isNewItemInInventory_00000469\"},{\"Name\":\"isNewItemInInventory_00000444\"},{\"Name\":\"isNewItemInInventory_00000431\"},{\"Name\":\"isNewCraftingRecipeTutorial_BoneArmourRecipe\"},{\"Name\":\"isNewCraftingRecipeTutorial_CatFoodRecipe\"},{\"Name\":\"isNewCraftingRecipeTutorial_ChainsawRechargeRecipe\"},{\"Name\":\"isNewCraftingRecipeTutorial_CraftedArrowsRecipe\"},{\"Name\":\"isNewCraftingRecipeTutorial_CraftedAxeRecipe\"},{\"Name\":\"isNewCraftingRecipeTutorial_CraftedBowRecipe\"},{\"Name\":\"isNewCraftingRecipeTutorial_CraftedClubRecipe\"},{\"Name\":\"isNewCraftingRecipeTutorial_DeerHideArmourRecipe\"},{\"Name\":\"isNewCraftingRecipeTutorial_EnergyMixPlusRecipe\"},{\"Name\":\"isNewCraftingRecipeTutorial_EnergyMixRecipe\"},{\"Name\":\"isNewCraftingRecipeTutorial_FlashlightRechargeRecipe\"},{\"Name\":\"isNewCraftingRecipeTutorial_GpsLocatorRecipe\"},{\"Name\":\"isNewCraftingRecipeTutorial_HealthMixPlusRecipe\"},{\"Name\":\"isNewCraftingRecipeTutorial_HealthMixRecipe\"},{\"Name\":\"isNewCraftingRecipeTutorial_LeafArmourRecipe\"},{\"Name\":\"isNewCraftingRecipeTutorial_MolotovRecipe\"},{\"Name\":\"isNewCraftingRecipeTutorial_TechArmourRecipe\"},{\"Name\":\"isNewCraftingRecipeTutorial_TimeBombRecipe\"},{\"Name\":\"isNewCraftingRecipeTutorial_TorchRecipe\"},{\"Name\":\"isNewCraftingRecipeTutorial_ZiplineRopeRecipe\"},{\"Name\":\"isNewItemInInventory_00000486\"},{\"Name\":\"isNewItemInInventory_00000379\"},{\"Name\":\"isNewItemInInventory_00000380\"},{\"Name\":\"isNewItemInInventory_00000359\"},{\"Name\":\"seenFirstTimeEquip_00000358\",\"BoolValue\":true},{\"Name\":\"isNewItemInInventory_00000391\"},{\"Name\":\"isNewItemInInventory_00000502\"},{\"Name\":\"isNewItemInInventory_00000496\"},{\"Name\":\"crafted.00000365\",\"SettingType\":1,\"IntValue\":3},{\"Name\":\"isNewCraftingRecipe_CrossbowFlashlightModRecipe\"},{\"Name\":\"crafted.00000378\",\"SettingType\":1,\"IntValue\":1},{\"Name\":\"crafted.00000377\",\"SettingType\":1,\"IntValue\":1},{\"Name\":\"crafted.00000375\",\"SettingType\":1,\"IntValue\":1},{\"Name\":\"isNewCraftingRecipe_CrossbowDismantleModsRecipe\"},{\"Name\":\"isNewCraftingRecipe_CrossbowLaserSightModRecipe\"},{\"Name\":\"isNewItemInInventory_00000570\"},{\"Name\":\"isNewItemInInventory_00000464\"},{\"Name\":\"isNewItemInInventory_00000506\"},{\"Name\":\"isNewItemInInventory_00000430\"},{\"Name\":\"isNewItemInInventory_00000421\"},{\"Name\":\"seenFirstTimeEquip_00000361\",\"BoolValue\":true},{\"Name\":\"isNewItemInInventory_00000455\"},{\"Name\":\"isNewItemInInventory_00000435\"},{\"Name\":\"isNewItemInInventory_00000354\"},{\"Name\":\"isNewItemInInventory_00000413\"},{\"Name\":\"isNewItemInInventory_00000637\"},{\"Name\":\"seenFirstTimeEquip_00000637\",\"BoolValue\":true},{\"Name\":\"isNewItemInInventory_00000571\"},{\"Name\":\"isNewItemInInventory_00000569\"},{\"Name\":\"seenFirstTimeEquip_00000359\",\"BoolValue\":true},{\"Name\":\"isNewItemInInventory_00000471\"},{\"Name\":\"seenFirstTimeEquip_00000413\",\"BoolValue\":true},{\"Name\":\"seenFirstTimeEquip_00000396\",\"BoolValue\":true},{\"Name\":\"seenFirstTimeEquip_00000367\",\"BoolValue\":true},{\"Name\":\"seenFirstTimeEquip_00000353\",\"BoolValue\":true},{\"Name\":\"seenFirstTimeEquip_00000386\",\"BoolValue\":true},{\"Name\":\"seenFirstTimeEquip_00000355\",\"BoolValue\":true},{\"Name\":\"seenFirstTimeEquip_00000522\",\"BoolValue\":true},{\"Name\":\"seenFirstTimeEquip_00000365\",\"BoolValue\":true},{\"Name\":\"seenFirstTimeEquip_00000360\",\"BoolValue\":true},{\"Name\":\"seenFirstTimeEquip_00000340\",\"BoolValue\":true},{\"Name\":\"isNewItemInInventory_00000568\"},{\"Name\":\"isNewItemInInventory_00000575\"},{\"Name\":\"isNewItemInInventory_00000574\"},{\"Name\":\"isNewItemInInventory_00000424\"},{\"Name\":\"seenFirstTimeEquip_00000424\",\"BoolValue\":true},{\"Name\":\"hasOwned_00000402\",\"BoolValue\":true},{\"Name\":\"isNewItemInInventory_00000410\"},{\"Name\":\"isNewItemInInventory_00000453\"},{\"Name\":\"isNewItemInInventory_00000400\"},{\"Name\":\"isNewItemInInventory_00000399\"},{\"Name\":\"isNewItemInInventory_00000509\"},{\"Name\":\"isNewItemInInventory_00000423\"},{\"Name\":\"isNewItemInInventory_00000553\"},{\"Name\":\"isNewItemInInventory_00000567\"},{\"Name\":\"isNewItemInInventory_00000449\"},{\"Name\":\"isNewItemInInventory_00000491\"},{\"Name\":\"hasOwned_00000495\",\"BoolValue\":true},{\"Name\":\"isNewItemInInventory_00000566\"},{\"Name\":\"DoneBuildFireTutorial\",\"BoolValue\":true},{\"Name\":\"isNewItemInInventory_00000594\"},{\"Name\":\"isNewItemInInventory_00000602\"},{\"Name\":\"TorchWasLit\",\"BoolValue\":true},{\"Name\":\"consumed.00000441\",\"SettingType\":1,\"IntValue\":8},{\"Name\":\"HasDismountedFromKnightVBefore\",\"BoolValue\":true},{\"Name\":\"consumed.00000438\",\"SettingType\":1,\"IntValue\":7},{\"Name\":\"consumed.00000437\",\"SettingType\":1,\"IntValue\":5},{\"Name\":\"HasDismountedFromGolfCartBefore\",\"BoolValue\":true},{\"Name\":\"seenFirstTimeEquip_00000379\",\"BoolValue\":true},{\"Name\":\"consumed.00000439\",\"SettingType\":1,\"IntValue\":14},{\"Name\":\"isNewItemInInventory_00000661\"},{\"Name\":\"consumed.00000421\",\"SettingType\":1,\"IntValue\":2},{\"Name\":\"PointOfInterestFound_Bunker A\",\"BoolValue\":true},{\"Name\":\"BlueprintBookPageIndex\",\"SettingType\":1,\"IntValue\":6},{\"Name\":\"PointOfInterestFound_Bunker Food\",\"BoolValue\":true},{\"Name\":\"consumed.00000425\",\"SettingType\":1,\"IntValue\":3},{\"Name\":\"crafted.00000618\",\"SettingType\":1,\"IntValue\":5},{\"Name\":\"consumed.00000571\",\"SettingType\":1,\"IntValue\":9},{\"Name\":\"consumed.00000570\",\"SettingType\":1,\"IntValue\":2},{\"Name\":\"consumed.00000466\",\"SettingType\":1,\"IntValue\":2},{\"Name\":\"consumed.00000569\",\"SettingType\":1,\"IntValue\":1},{\"Name\":\"PointOfInterestFound_Bunker Residential\",\"BoolValue\":true},{\"Name\":\"seenFirstTimeEquip_00000468\",\"BoolValue\":true},{\"Name\":\"consumed.00000464\",\"SettingType\":1,\"IntValue\":1},{\"Name\":\"hasOwned_00000444\",\"BoolValue\":true},{\"Name\":\"isNewItemInInventory_00000373\"},{\"Name\":\"isNewItemInInventory_00000618\"},{\"Name\":\"isNewItemInInventory_00000507\"},{\"Name\":\"isNewItemInInventory_00000452\"},{\"Name\":\"isNewItemInInventory_00000445\"},{\"Name\":\"isNewItemInInventory_00000447\"},{\"Name\":\"isNewItemInInventory_00000604\"},{\"Name\":\"isNewItemInInventory_00000598\"},{\"Name\":\"isNewItemInInventory_00000600\"}],\"NamedInts\":[{\"SaveObjectNameId\":\"BunkerLuxury.Cutscene.MutantBossIntro\"},{\"SaveObjectNameId\":\"BunkerResidential.Cutscene.GetDownSon\"}]}"}}