{"Version":"0.0.0","Data":{"PlayerInventory":"{\"Version\":\"0.0.0\",\"QuickSelect\":{\"Version\":\"0.0.0\",\"Slots\":[{\"ItemId\":392,\"Age\":136.792755},{\"ItemId\":485,\"Age\":136.792755},{\"ItemId\":459,\"Age\":136.792755},{\"ItemId\":355,\"Age\":136.792755},{\"ItemId\":441,\"Age\":136.792755},{\"ItemId\":437,\"Age\":136.792755},{\"ItemId\":438,\"Age\":136.792755},{\"ItemId\":439,\"Age\":136.792755},{\"ItemId\":589,\"Age\":136.792755}]},\"EquippedItems\":[{\"ItemId\":504,\"Modules\":[]},{\"ItemId\":412,\"Modules\":[]},{\"ItemId\":444,\"Modules\":[{\"RecipeId\":-1,\"CurrentVolume\":497,\"Version\":\"0.0.0\",\"ModuleId\":7}]}],\"ItemInstanceManagerData\":{\"Version\":\"0.0.0\",\"ItemBlocks\":[{\"ItemId\":443,\"TotalCount\":1,\"UniqueItems\":[]},{\"ItemId\":360,\"TotalCount\":1,\"UniqueItems\":[{\"Modules\":[{\"AmmoType\":373,\"CurrentAmmo\":1,\"WeaponModIds\":[],\"Version\":\"0.0.0\",\"ModuleId\":4}]}]},{\"ItemId\":365,\"TotalCount\":1,\"UniqueItems\":[{\"Modules\":[{\"AmmoType\":368,\"CurrentAmmo\":1,\"WeaponModIds\":[-1594818510],\"Version\":\"0.0.0\",\"ModuleId\":4}]}]},{\"ItemId\":477,\"TotalCount\":1,\"UniqueItems\":[{\"Modules\":[{\"Version\":\"0.0.0\"},{\"Version\":\"0.0.0\",\"ModuleId\":8}]}]},{\"ItemId\":474,\"TotalCount\":5,\"UniqueItems\":[{\"Modules\":[{\"Version\":\"0.0.0\"}]},{\"Modules\":[{\"Version\":\"0.0.0\"}]},{\"Modules\":[{\"Version\":\"0.0.0\"}]},{\"Modules\":[{\"Version\":\"0.0.0\"}]},{\"Modules\":[{\"Version\":\"0.0.0\"},{\"AmmoType\":474,\"CurrentAmmo\":1,\"WeaponModIds\":[],\"Version\":\"0.0.0\",\"ModuleId\":4}]}]},{\"ItemId\":468,\"TotalCount\":1,\"UniqueItems\":[{\"Modules\":[{\"Version\":\"0.0.0\",\"ModuleId\":8}]}]},{\"ItemId\":381,\"TotalCount\":10,\"UniqueItems\":[]},{\"ItemId\":340,\"TotalCount\":1,\"UniqueItems\":[{\"Modules\":[{\"Version\":\"0.0.0\"},{\"Version\":\"0.0.0\",\"ModuleId\":8}]}]},{\"ItemId\":367,\"TotalCount\":1,\"UniqueItems\":[{\"Modules\":[{\"Version\":\"0.0.0\"},{\"Version\":\"0.0.0\",\"ModuleId\":8}]}]},{\"ItemId\":359,\"TotalCount\":1,\"UniqueItems\":[{\"Modules\":[{\"Version\":\"0.0.0\"},{\"Version\":\"0.0.0\",\"ModuleId\":8}]}]},{\"ItemId\":388,\"TotalCount\":5,\"UniqueItems\":[]},{\"ItemId\":355,\"TotalCount\":1,\"UniqueItems\":[{\"Modules\":[{\"AmmoType\":362,\"CurrentAmmo\":12,\"WeaponModIds\":[608885360,-1299924474,63489846],\"Version\":\"0.0.0\",\"ModuleId\":4},{\"Version\":\"0.0.0\"},{\"Version\":\"0.0.0\",\"ModuleId\":8}]}]},{\"ItemId\":525,\"TotalCount\":1,\"UniqueItems\":[{\"Modules\":[{\"Version\":\"0.0.0\"},{\"Version\":\"0.0.0\",\"ModuleId\":8}]}]},{\"ItemId\":386,\"TotalCount\":1,\"UniqueItems\":[{\"Modules\":[{\"AmmoType\":362,\"CurrentAmmo\":6,\"WeaponModIds\":[],\"Version\":\"0.0.0\",\"ModuleId\":4},{\"Version\":\"0.0.0\",\"ModuleId\":8}]}]},{\"ItemId\":361,\"TotalCount\":1,\"UniqueItems\":[{\"Modules\":[{\"AmmoType\":387,\"CurrentAmmo\":4,\"WeaponModIds\":[],\"Version\":\"0.0.0\",\"ModuleId\":4},{\"Version\":\"0.0.0\",\"ModuleId\":8}]}]},{\"ItemId\":358,\"TotalCount\":1,\"UniqueItems\":[{\"Modules\":[{\"AmmoType\":364,\"CurrentAmmo\":8,\"WeaponModIds\":[-1768658424,1931934742],\"Version\":\"0.0.0\",\"ModuleId\":4},{\"Version\":\"0.0.0\",\"ModuleId\":8}]}]},{\"ItemId\":459,\"TotalCount\":1,\"UniqueItems\":[{\"Modules\":[{\"AmmoType\":476,\"CurrentAmmo\":1,\"WeaponModIds\":[],\"Version\":\"0.0.0\",\"ModuleId\":4}]}]},{\"ItemId\":396,\"TotalCount\":1,\"UniqueItems\":[{\"Modules\":[{\"RecipeId\":-1,\"CurrentVolume\":100,\"Version\":\"0.0.0\",\"ModuleId\":7},{\"Version\":\"0.0.0\"}]}]},{\"ItemId\":353,\"TotalCount\":1,\"UniqueItems\":[{\"Modules\":[{\"AmmoType\":369,\"CurrentAmmo\":1,\"WeaponModIds\":[],\"Version\":\"0.0.0\",\"ModuleId\":4}]}]},{\"ItemId\":417,\"TotalCount\":3,\"UniqueItems\":[]},{\"ItemId\":378,\"TotalCount\":1,\"UniqueItems\":[]},{\"ItemId\":376,\"TotalCount\":1,\"UniqueItems\":[]},{\"ItemId\":346,\"TotalCount\":1,\"UniqueItems\":[]},{\"ItemId\":374,\"TotalCount\":1,\"UniqueItems\":[]},{\"ItemId\":362,\"TotalCount\":1000,\"UniqueItems\":[]},{\"ItemId\":364,\"TotalCount\":859,\"UniqueItems\":[]},{\"ItemId\":618,\"TotalCount\":20,\"UniqueItems\":[]},{\"ItemId\":373,\"TotalCount\":20,\"UniqueItems\":[]},{\"ItemId\":368,\"TotalCount\":15,\"UniqueItems\":[]},{\"ItemId\":524,\"TotalCount\":20,\"UniqueItems\":[]},{\"ItemId\":387,\"TotalCount\":996,\"UniqueItems\":[]},{\"ItemId\":363,\"TotalCount\":1000,\"UniqueItems\":[]},{\"ItemId\":476,\"TotalCount\":30,\"UniqueItems\":[]},{\"ItemId\":507,\"TotalCount\":20,\"UniqueItems\":[]},{\"ItemId\":369,\"TotalCount\":1000,\"UniqueItems\":[]},{\"ItemId\":523,\"TotalCount\":10,\"UniqueItems\":[]},{\"ItemId\":637,\"TotalCount\":1,\"UniqueItems\":[]},{\"ItemId\":341,\"TotalCount\":1,\"UniqueItems\":[]},{\"ItemId\":432,\"TotalCount\":1,\"UniqueItems\":[]},{\"ItemId\":394,\"TotalCount\":1,\"UniqueItems\":[{\"Modules\":[{\"RecipeId\":-1,\"CurrentVolume\":100,\"Version\":\"0.0.0\",\"ModuleId\":7},{\"Version\":\"0.0.0\"}]}]},{\"ItemId\":517,\"TotalCount\":1,\"UniqueItems\":[{\"Modules\":[{\"RecipeId\":-752923139,\"CurrentVolume\":2000,\"Version\":\"0.0.0\",\"ModuleId\":7}]}]},{\"ItemId\":431,\"TotalCount\":1,\"UniqueItems\":[{\"Modules\":[{\"Version\":\"0.0.0\"},{\"Version\":\"0.0.0\",\"ModuleId\":8}]}]},{\"ItemId\":471,\"TotalCount\":1,\"UniqueItems\":[{\"Modules\":[{\"RecipeId\":-1,\"CurrentVolume\":99,\"Version\":\"0.0.0\",\"ModuleId\":7}]}]},{\"ItemId\":529,\"TotalCount\":10,\"UniqueItems\":[{\"Modules\":[{\"Version\":\"0.0.0\",\"ModuleId\":2}]},{\"Modules\":[{\"Version\":\"0.0.0\",\"ModuleId\":2}]},{\"Modules\":[{\"Version\":\"0.0.0\",\"ModuleId\":2}]},{\"Modules\":[{\"Version\":\"0.0.0\",\"ModuleId\":2}]},{\"Modules\":[{\"Version\":\"0.0.0\",\"ModuleId\":2}]},{\"Modules\":[{\"Version\":\"0.0.0\",\"ModuleId\":2}]},{\"Modules\":[{\"Version\":\"0.0.0\",\"ModuleId\":2}]},{\"Modules\":[{\"Version\":\"0.0.0\",\"ModuleId\":2}]},{\"Modules\":[{\"Version\":\"0.0.0\",\"ModuleId\":2}]},{\"Modules\":[{\"Version\":\"0.0.0\",\"ModuleId\":2}]}]},{\"ItemId\":567,\"TotalCount\":1,\"UniqueItems\":[]},{\"ItemId\":589,\"TotalCount\":1,\"UniqueItems\":[]},{\"ItemId\":566,\"TotalCount\":1,\"UniqueItems\":[]},{\"ItemId\":356,\"TotalCount\":1,\"UniqueItems\":[{\"Modules\":[{\"Version\":\"0.0.0\"},{\"Version\":\"0.0.0\",\"ModuleId\":8}]}]},{\"ItemId\":354,\"TotalCount\":1,\"UniqueItems\":[{\"Modules\":[{\"RecipeId\":-1,\"CurrentVolume\":94,\"Version\":\"0.0.0\",\"ModuleId\":7}]}]},{\"ItemId\":590,\"TotalCount\":1,\"UniqueItems\":[]},{\"ItemId\":422,\"TotalCount\":1,\"UniqueItems\":[{\"Modules\":[{\"Version\":\"0.0.0\"}]}]},{\"ItemId\":522,\"TotalCount\":1,\"UniqueItems\":[{\"Modules\":[{\"AmmoType\":523,\"CurrentAmmo\":1,\"WeaponModIds\":[],\"Version\":\"0.0.0\",\"ModuleId\":4}]}]},{\"ItemId\":485,\"TotalCount\":1,\"UniqueItems\":[{\"Modules\":[{\"ChannelWeights\":{\"x\":6.962914E-17,\"y\":6.962914E-17,\"z\":6.962914E-17,\"w\":6.962914E-17},\"Version\":\"0.0.0\"}]}]},{\"ItemId\":379,\"TotalCount\":1,\"UniqueItems\":[{\"Modules\":[{\"Version\":\"0.0.0\"},{\"Version\":\"0.0.0\",\"ModuleId\":8}]}]},{\"ItemId\":503,\"TotalCount\":1,\"UniqueItems\":[{\"Modules\":[{\"Version\":\"0.0.0\"}]}]},{\"ItemId\":380,\"TotalCount\":1,\"UniqueItems\":[{\"Modules\":[{\"Version\":\"0.0.0\"}]}]},{\"ItemId\":568,\"TotalCount\":1,\"UniqueItems\":[]},{\"ItemId\":486,\"TotalCount\":1,\"UniqueItems\":[]},{\"ItemId\":657,\"TotalCount\":10,\"UniqueItems\":[]},{\"ItemId\":560,\"TotalCount\":10,\"UniqueItems\":[]},{\"ItemId\":428,\"TotalCount\":1,\"UniqueItems\":[]},{\"ItemId\":391,\"TotalCount\":1,\"UniqueItems\":[]},{\"ItemId\":553,\"TotalCount\":10,\"UniqueItems\":[]},{\"ItemId\":390,\"TotalCount\":1000,\"UniqueItems\":[]},{\"ItemId\":484,\"TotalCount\":1000,\"UniqueItems\":[]},{\"ItemId\":402,\"TotalCount\":1,\"UniqueItems\":[{\"Modules\":[{\"Version\":\"0.0.0\"},{\"AmmoType\":-1,\"CurrentAmmo\":-1,\"WeaponModIds\":[],\"Version\":\"0.0.0\",\"ModuleId\":4}]}]},{\"ItemId\":351,\"TotalCount\":1,\"UniqueItems\":[]},{\"ItemId\":552,\"TotalCount\":1,\"UniqueItems\":[]},{\"ItemId\":469,\"TotalCount\":4,\"UniqueItems\":[]},{\"ItemId\":467,\"TotalCount\":1,\"UniqueItems\":[]},{\"ItemId\":451,\"TotalCount\":20,\"UniqueItems\":[]},{\"ItemId\":596,\"TotalCount\":20,\"UniqueItems\":[]},{\"ItemId\":454,\"TotalCount\":20,\"UniqueItems\":[]},{\"ItemId\":597,\"TotalCount\":20,\"UniqueItems\":[]},{\"ItemId\":527,\"TotalCount\":6,\"UniqueItems\":[]},{\"ItemId\":458,\"TotalCount\":1,\"UniqueItems\":[]},{\"ItemId\":595,\"TotalCount\":20,\"UniqueItems\":[]},{\"ItemId\":598,\"TotalCount\":20,\"UniqueItems\":[]},{\"ItemId\":445,\"TotalCount\":20,\"UniqueItems\":[]},{\"ItemId\":599,\"TotalCount\":20,\"UniqueItems\":[]},{\"ItemId\":581,\"TotalCount\":1,\"UniqueItems\":[]},{\"ItemId\":579,\"TotalCount\":1,\"UniqueItems\":[]},{\"ItemId\":588,\"TotalCount\":1,\"UniqueItems\":[]},{\"ItemId\":530,\"TotalCount\":1,\"UniqueItems\":[]},{\"ItemId\":582,\"TotalCount\":1,\"UniqueItems\":[]},{\"ItemId\":625,\"TotalCount\":1,\"UniqueItems\":[]},{\"ItemId\":584,\"TotalCount\":1,\"UniqueItems\":[]},{\"ItemId\":587,\"TotalCount\":1,\"UniqueItems\":[]},{\"ItemId\":586,\"TotalCount\":1,\"UniqueItems\":[]},{\"ItemId\":622,\"TotalCount\":1,\"UniqueItems\":[]},{\"ItemId\":585,\"TotalCount\":1,\"UniqueItems\":[]},{\"ItemId\":621,\"TotalCount\":1,\"UniqueItems\":[]},{\"ItemId\":591,\"TotalCount\":1,\"UniqueItems\":[]},{\"ItemId\":532,\"TotalCount\":1,\"UniqueItems\":[]},{\"ItemId\":531,\"TotalCount\":1,\"UniqueItems\":[]},{\"ItemId\":580,\"TotalCount\":1,\"UniqueItems\":[]},{\"ItemId\":608,\"TotalCount\":1,\"UniqueItems\":[]},{\"ItemId\":583,\"TotalCount\":1,\"UniqueItems\":[]},{\"ItemId\":609,\"TotalCount\":1,\"UniqueItems\":[]},{\"ItemId\":607,\"TotalCount\":1,\"UniqueItems\":[]},{\"ItemId\":610,\"TotalCount\":1,\"UniqueItems\":[]},{\"ItemId\":620,\"TotalCount\":1,\"UniqueItems\":[]},{\"ItemId\":549,\"TotalCount\":1,\"UniqueItems\":[]},{\"ItemId\":550,\"TotalCount\":1,\"UniqueItems\":[]},{\"ItemId\":551,\"TotalCount\":1,\"UniqueItems\":[]},{\"ItemId\":623,\"TotalCount\":1,\"UniqueItems\":[]},{\"ItemId\":624,\"TotalCount\":1,\"UniqueItems\":[]},{\"ItemId\":533,\"TotalCount\":1,\"UniqueItems\":[]},{\"ItemId\":405,\"TotalCount\":15,\"UniqueItems\":[]},{\"ItemId\":494,\"TotalCount\":10,\"UniqueItems\":[]},{\"ItemId\":509,\"TotalCount\":1,\"UniqueItems\":[]},{\"ItemId\":420,\"TotalCount\":10,\"UniqueItems\":[]},{\"ItemId\":434,\"TotalCount\":6,\"UniqueItems\":[]},{\"ItemId\":464,\"TotalCount\":4,\"UniqueItems\":[]},{\"ItemId\":425,\"TotalCount\":4,\"UniqueItems\":[]},{\"ItemId\":465,\"TotalCount\":20,\"UniqueItems\":[]},{\"ItemId\":605,\"TotalCount\":20,\"UniqueItems\":[]},{\"ItemId\":416,\"TotalCount\":10,\"UniqueItems\":[]},{\"ItemId\":478,\"TotalCount\":1,\"UniqueItems\":[]},{\"ItemId\":415,\"TotalCount\":988,\"UniqueItems\":[]},{\"ItemId\":502,\"TotalCount\":1000,\"UniqueItems\":[]},{\"ItemId\":514,\"TotalCount\":1,\"UniqueItems\":[]},{\"ItemId\":511,\"TotalCount\":1,\"UniqueItems\":[]},{\"ItemId\":593,\"TotalCount\":10,\"UniqueItems\":[]},{\"ItemId\":592,\"TotalCount\":10,\"UniqueItems\":[]},{\"ItemId\":384,\"TotalCount\":1,\"UniqueItems\":[]},{\"ItemId\":472,\"TotalCount\":10,\"UniqueItems\":[]},{\"ItemId\":519,\"TotalCount\":10,\"UniqueItems\":[]},{\"ItemId\":449,\"TotalCount\":20,\"UniqueItems\":[]},{\"ItemId\":600,\"TotalCount\":20,\"UniqueItems\":[]},{\"ItemId\":419,\"TotalCount\":100,\"UniqueItems\":[]},{\"ItemId\":539,\"TotalCount\":1,\"UniqueItems\":[]},{\"ItemId\":540,\"TotalCount\":1,\"UniqueItems\":[]},{\"ItemId\":541,\"TotalCount\":1,\"UniqueItems\":[]},{\"ItemId\":545,\"TotalCount\":1,\"UniqueItems\":[]},{\"ItemId\":521,\"TotalCount\":1,\"UniqueItems\":[]},{\"ItemId\":534,\"TotalCount\":1,\"UniqueItems\":[]},{\"ItemId\":535,\"TotalCount\":1,\"UniqueItems\":[]},{\"ItemId\":536,\"TotalCount\":1,\"UniqueItems\":[]},{\"ItemId\":537,\"TotalCount\":1,\"UniqueItems\":[]},{\"ItemId\":614,\"TotalCount\":1,\"UniqueItems\":[]},{\"ItemId\":615,\"TotalCount\":1,\"UniqueItems\":[]},{\"ItemId\":616,\"TotalCount\":1,\"UniqueItems\":[]},{\"ItemId\":528,\"TotalCount\":1,\"UniqueItems\":[]},{\"ItemId\":526,\"TotalCount\":1,\"UniqueItems\":[]},{\"ItemId\":538,\"TotalCount\":1,\"UniqueItems\":[]},{\"ItemId\":542,\"TotalCount\":1,\"UniqueItems\":[]},{\"ItemId\":543,\"TotalCount\":1,\"UniqueItems\":[]},{\"ItemId\":544,\"TotalCount\":1,\"UniqueItems\":[]},{\"ItemId\":546,\"TotalCount\":1,\"UniqueItems\":[]},{\"ItemId\":547,\"TotalCount\":1,\"UniqueItems\":[]},{\"ItemId\":548,\"TotalCount\":1,\"UniqueItems\":[]},{\"ItemId\":441,\"TotalCount\":10,\"UniqueItems\":[]},{\"ItemId\":439,\"TotalCount\":10,\"UniqueItems\":[]},{\"ItemId\":461,\"TotalCount\":3,\"UniqueItems\":[]},{\"ItemId\":462,\"TotalCount\":3,\"UniqueItems\":[]},{\"ItemId\":479,\"TotalCount\":1000,\"UniqueItems\":[]},{\"ItemId\":453,\"TotalCount\":20,\"UniqueItems\":[]},{\"ItemId\":601,\"TotalCount\":20,\"UniqueItems\":[]},{\"ItemId\":440,\"TotalCount\":10,\"UniqueItems\":[]},{\"ItemId\":400,\"TotalCount\":20,\"UniqueItems\":[]},{\"ItemId\":569,\"TotalCount\":10,\"UniqueItems\":[]},{\"ItemId\":570,\"TotalCount\":10,\"UniqueItems\":[]},{\"ItemId\":571,\"TotalCount\":10,\"UniqueItems\":[]},{\"ItemId\":572,\"TotalCount\":1,\"UniqueItems\":[]},{\"ItemId\":435,\"TotalCount\":1,\"UniqueItems\":[]},{\"ItemId\":594,\"TotalCount\":20,\"UniqueItems\":[]},{\"ItemId\":602,\"TotalCount\":20,\"UniqueItems\":[]},{\"ItemId\":455,\"TotalCount\":3,\"UniqueItems\":[]},{\"ItemId\":456,\"TotalCount\":3,\"UniqueItems\":[]},{\"ItemId\":562,\"TotalCount\":1,\"UniqueItems\":[]},{\"ItemId\":563,\"TotalCount\":1,\"UniqueItems\":[]},{\"ItemId\":564,\"TotalCount\":1,\"UniqueItems\":[]},{\"ItemId\":565,\"TotalCount\":1,\"UniqueItems\":[]},{\"ItemId\":490,\"TotalCount\":1,\"UniqueItems\":[]},{\"ItemId\":450,\"TotalCount\":20,\"UniqueItems\":[]},{\"ItemId\":603,\"TotalCount\":20,\"UniqueItems\":[]},{\"ItemId\":399,\"TotalCount\":20,\"UniqueItems\":[]},{\"ItemId\":398,\"TotalCount\":20,\"UniqueItems\":[]},{\"ItemId\":473,\"TotalCount\":10,\"UniqueItems\":[]},{\"ItemId\":493,\"TotalCount\":1,\"UniqueItems\":[]},{\"ItemId\":508,\"TotalCount\":6,\"UniqueItems\":[]},{\"ItemId\":389,\"TotalCount\":10,\"UniqueItems\":[]},{\"ItemId\":496,\"TotalCount\":1000000,\"UniqueItems\":[]},{\"ItemId\":438,\"TotalCount\":3,\"UniqueItems\":[]},{\"ItemId\":612,\"TotalCount\":1,\"UniqueItems\":[]},{\"ItemId\":613,\"TotalCount\":1,\"UniqueItems\":[]},{\"ItemId\":423,\"TotalCount\":1,\"UniqueItems\":[]},{\"ItemId\":424,\"TotalCount\":1,\"UniqueItems\":[]},{\"ItemId\":574,\"TotalCount\":1,\"UniqueItems\":[]},{\"ItemId\":575,\"TotalCount\":1,\"UniqueItems\":[]},{\"ItemId\":611,\"TotalCount\":1,\"UniqueItems\":[]},{\"ItemId\":491,\"TotalCount\":1,\"UniqueItems\":[]},{\"ItemId\":466,\"TotalCount\":5,\"UniqueItems\":[]},{\"ItemId\":518,\"TotalCount\":50,\"UniqueItems\":[]},{\"ItemId\":437,\"TotalCount\":6,\"UniqueItems\":[]},{\"ItemId\":370,\"TotalCount\":1,\"UniqueItems\":[]},{\"ItemId\":421,\"TotalCount\":10,\"UniqueItems\":[]},{\"ItemId\":393,\"TotalCount\":10,\"UniqueItems\":[]},{\"ItemId\":403,\"TotalCount\":10,\"UniqueItems\":[]},{\"ItemId\":447,\"TotalCount\":20,\"UniqueItems\":[]},{\"ItemId\":604,\"TotalCount\":20,\"UniqueItems\":[]},{\"ItemId\":480,\"TotalCount\":2,\"UniqueItems\":[{\"Modules\":[{\"Version\":\"0.0.0\",\"ModuleId\":1},{\"CurrentState\":3,\"TimeRemainingInState\":-279.4196,\"Version\":\"0.0.0\",\"ModuleId\":3},{\"Version\":\"0.0.0\"}]},{\"Modules\":[{\"Version\":\"0.0.0\",\"ModuleId\":1},{\"CurrentState\":3,\"TimeRemainingInState\":-279.4196,\"Version\":\"0.0.0\",\"ModuleId\":3},{\"Version\":\"0.0.0\"}]}]},{\"ItemId\":482,\"TotalCount\":1,\"UniqueItems\":[{\"Modules\":[{\"Version\":\"0.0.0\",\"ModuleId\":1},{\"CurrentState\":3,\"TimeRemainingInState\":-271.109161,\"Version\":\"0.0.0\",\"ModuleId\":3}]}]},{\"ItemId\":481,\"TotalCount\":2,\"UniqueItems\":[{\"Modules\":[{\"Version\":\"0.0.0\",\"ModuleId\":1},{\"CurrentState\":3,\"TimeRemainingInState\":-279.4196,\"Version\":\"0.0.0\",\"ModuleId\":3},{\"Version\":\"0.0.0\"}]},{\"Modules\":[{\"Version\":\"0.0.0\",\"ModuleId\":1},{\"CurrentState\":3,\"TimeRemainingInState\":-279.4196,\"Version\":\"0.0.0\",\"ModuleId\":3},{\"Version\":\"0.0.0\"}]}]},{\"ItemId\":397,\"TotalCount\":20,\"UniqueItems\":[]},{\"ItemId\":371,\"TotalCount\":1,\"UniqueItems\":[]},{\"ItemId\":372,\"TotalCount\":1,\"UniqueItems\":[]},{\"ItemId\":487,\"TotalCount\":1,\"UniqueItems\":[]},{\"ItemId\":430,\"TotalCount\":3,\"UniqueItems\":[]},{\"ItemId\":573,\"TotalCount\":1,\"UniqueItems\":[]},{\"ItemId\":448,\"TotalCount\":20,\"UniqueItems\":[]},{\"ItemId\":513,\"TotalCount\":1,\"UniqueItems\":[]},{\"ItemId\":392,\"TotalCount\":7,\"UniqueItems\":[]},{\"ItemId\":617,\"TotalCount\":1,\"UniqueItems\":[]},{\"ItemId\":457,\"TotalCount\":1,\"UniqueItems\":[]},{\"ItemId\":495,\"TotalCount\":2,\"UniqueItems\":[]},{\"ItemId\":634,\"TotalCount\":3,\"UniqueItems\":[]},{\"ItemId\":635,\"TotalCount\":8,\"UniqueItems\":[]},{\"ItemId\":504,\"TotalCount\":3,\"UniqueItems\":[]},{\"ItemId\":554,\"TotalCount\":10,\"UniqueItems\":[]},{\"ItemId\":401,\"TotalCount\":5,\"UniqueItems\":[]},{\"ItemId\":515,\"TotalCount\":1,\"UniqueItems\":[]},{\"ItemId\":516,\"TotalCount\":1,\"UniqueItems\":[]},{\"ItemId\":492,\"TotalCount\":1,\"UniqueItems\":[]},{\"ItemId\":446,\"TotalCount\":20,\"UniqueItems\":[]},{\"ItemId\":558,\"TotalCount\":1,\"UniqueItems\":[]},{\"ItemId\":556,\"TotalCount\":1,\"UniqueItems\":[]},{\"ItemId\":557,\"TotalCount\":1,\"UniqueItems\":[]},{\"ItemId\":619,\"TotalCount\":1,\"UniqueItems\":[]},{\"ItemId\":555,\"TotalCount\":1,\"UniqueItems\":[]},{\"ItemId\":414,\"TotalCount\":6,\"UniqueItems\":[]},{\"ItemId\":499,\"TotalCount\":1,\"UniqueItems\":[]},{\"ItemId\":418,\"TotalCount\":100,\"UniqueItems\":[]},{\"ItemId\":410,\"TotalCount\":50,\"UniqueItems\":[]},{\"ItemId\":452,\"TotalCount\":20,\"UniqueItems\":[]},{\"ItemId\":606,\"TotalCount\":20,\"UniqueItems\":[]},{\"ItemId\":506,\"TotalCount\":1,\"UniqueItems\":[]},{\"ItemId\":426,\"TotalCount\":1,\"UniqueItems\":[{\"Modules\":[{\"RecipeId\":-1,\"Version\":\"0.0.0\",\"ModuleId\":7}]}]},{\"ItemId\":413,\"TotalCount\":1,\"UniqueItems\":[]},{\"ItemId\":661,\"TotalCount\":3,\"UniqueItems\":[]},{\"ItemId\":375,\"TotalCount\":1,\"UniqueItems\":[]},{\"ItemId\":654,\"TotalCount\":1,\"UniqueItems\":[]},{\"ItemId\":628,\"TotalCount\":1,\"UniqueItems\":[]},{\"ItemId\":627,\"TotalCount\":1,\"UniqueItems\":[]}]}}"}}